,Episode,Return,Step
0,0,-7595.0,7850.0
1,1,-7129.8,7384.1
2,2,-7029.92,7284.09
3,3,-7126.228,7380.581
4,4,-7209.8052,7464.5229
5,5,-7417.62468,7672.470609999999
6,6,-8239.462212,8495.123549
7,7,-7737.115990800001,7991.8111941
8,8,-7574.10439172,7828.73007469
9,9,-7197.993952548,7452.357067221
10,10,-7102.5945572932005,7356.9213604989
11,11,-7910.93510156388,8165.92922444901
12,12,-7432.4415914074925,7685.436302004109
13,13,-7332.597432266743,7584.992671803698
14,14,-7464.237689040069,7717.393404623328
15,15,-7276.613920136063,7529.854064160995
16,16,-7524.152528122457,7777.768657744896
17,17,-7666.737275310211,7920.6917919704065
18,18,-7504.76354777919,7758.422612773366
19,19,-7285.787193001272,7538.88035149603
20,20,-7772.708473701145,8026.392316346427
21,21,-7577.63762633103,7831.253084711784
22,22,-8656.973863697927,8911.427776240605
23,23,-8967.776477328134,9222.784998616544
24,24,-8994.69882959532,9249.706498754891
25,25,-8344.128946635788,8597.835848879402
26,26,-8685.61605197221,8940.052263991462
27,27,-8043.954446774989,8296.247037592317
28,28,-7946.859002097491,8199.522333833085
29,29,-7871.573101887741,8124.670100449776
30,30,-8564.915791698966,8818.703090404799
31,31,-8985.62421252907,9239.93278136432
32,32,-9527.461791276164,9782.539503227888
33,33,-9064.015612148547,9318.4855529051
34,34,-8802.214050933693,9056.93699761459
35,35,-8352.292645840324,8606.443297853131
36,36,-8067.463381256291,8321.498968067819
37,37,-8466.61704313066,8721.149071261038
38,38,-7929.455338817595,8183.534164134934
39,39,-7898.009804935835,8152.28074772144
40,40,-7810.308824442251,8064.652672949295
41,41,-7365.577941998026,7619.087405654365
42,42,-8858.320147798224,9112.678665088928
43,43,-9121.788133018401,9376.710798580034
44,44,-9461.00931971656,9716.539718722031
45,45,-10289.908387744905,10546.085746849827
46,46,-10078.617548970415,10335.077172164845
47,47,-9209.055794073372,9463.169454948362
48,48,-8555.250214666035,8808.752509453525
49,49,-8502.725193199432,8756.477258508172
50,50,-8643.35267387949,8897.629532657355
51,51,-8371.717406491542,8626.46657939162
52,52,-7747.545665842387,8001.019921452457
53,53,-8768.391099258148,9022.717929307211
54,54,-9758.551989332333,10013.54613637649
55,55,-9143.3967903991,9397.691522738842
56,56,-8737.35711135919,8991.822370464957
57,57,-8423.921400223271,8678.440133418462
58,58,-8080.929260200944,8335.396120076615
59,59,-7670.036334180849,7924.256508068954
60,60,-7395.232700762764,7649.530857262058
61,61,-7649.909430686487,7904.2777715358525
62,62,-7459.618487617839,7713.849994382267
63,63,-7769.256638856054,8024.06499494404
64,64,-7472.530974970449,7727.858495449636
65,65,-7345.377877473404,7600.872645904673
66,66,-8110.040089726063,8366.085381314206
67,67,-7887.036080753457,8142.976843182785
68,68,-7798.332472678111,8054.1791588645065
69,69,-7389.4992254103,7644.861242978055
70,70,-6984.74930286927,7239.47511868025
71,71,-6594.874372582342,6849.227606812225
72,72,-6235.286935324108,6489.304846131003
73,73,-6006.458241791697,6260.374361517903
74,74,-5722.712417612527,5976.336925366113
75,75,-5672.041175851275,5925.603232829501
76,76,-5440.537058266147,5694.142909546552
77,77,-6072.883352439532,6327.328618591896
78,78,-5653.495017195579,5905.895756732707
79,79,-5267.6455154760215,5517.906181059437
80,80,-5035.580963928419,5286.015562953493
81,81,-4800.622867535578,5050.914006658144
82,82,-5004.56058078202,5255.62260599233
83,83,-4783.004522703818,5034.160345393097
84,84,-4527.304070433437,4778.0443108537875
85,85,-4255.673663390094,4505.839879768409
86,86,-4517.706297051084,4768.355891791568
87,87,-4235.535667345976,4485.720302612411
88,88,-4642.282100611379,4893.34827235117
89,89,-4487.653890550242,4739.113445116052
90,90,-4166.3885014952175,4417.202100604447
91,91,-3921.0496513456956,4171.081890544003
92,92,-3803.4446862111263,4053.273701489603
93,93,-3659.3002175900137,3907.6463313406425
94,94,-3392.7701958310126,3640.881698206578
95,95,-3166.5931762479113,3414.4935283859204
96,96,-3079.93385862312,3328.0441755473285
97,97,-2931.140472760808,3179.1397579925956
98,98,-2695.826425484727,2943.2257821933363
99,99,-2544.043782936255,2791.4032039740027
100,100,-2313.8394046426292,2559.2628835766027
101,101,-2637.2554641783663,2883.736595218942
102,102,-2641.42991776053,2888.262935697048
103,103,-2432.686925984477,2679.236642127343
104,104,-2341.9182333860294,2586.812977914609
105,105,-2167.8264100474266,2412.431680123148
106,106,-2121.543769042684,2366.6885121108335
107,107,-2008.7893921384157,2254.0196608997503
108,108,-1896.4104529245742,2142.017694809775
109,109,-1905.3694076321167,2151.7159253287978
110,110,-1812.132466868905,2057.044332795918
111,111,-1644.9192201820147,1888.339899516326
112,112,-1532.0272981638132,1774.0059095646936
113,113,-1673.824568347432,1916.9053186082242
114,114,-1593.5421115126887,1835.4147867474019
115,115,-1641.5879003614198,1884.3733080726618
116,116,-1501.629110325278,1743.0359772653956
117,117,-1406.3661992927503,1646.6323795388562
118,118,-1383.9295793634753,1624.6691415849707
119,119,-1335.6366214271277,1576.4022274264737
120,120,-1278.272959284415,1519.4620046838263
121,121,-1222.5456633559734,1462.7158042154438
122,122,-1184.091097020376,1424.5442237938994
123,123,-1099.4819873183385,1339.0898014145096
124,124,-982.1337885865047,1220.4808212730586
125,125,-935.8204097278542,1173.5327391457527
126,126,-849.0383687550687,1085.7794652311773
127,127,-792.334531879562,1028.5015187080596
128,128,-761.3010786916057,996.6513668372537
129,129,-713.2709708224452,947.8862301535283
130,130,-715.9438737402007,951.8976071381754
131,131,-689.9494863661807,925.1078464243578
132,132,-646.7545377295627,881.1970617819221
133,133,-607.0790839566064,841.1773556037299
134,134,-574.1711755609457,807.959620043357
135,135,-527.3540580048511,760.6636580390212
136,136,-503.918652204366,736.5972922351191
137,137,-491.3267869839294,724.7375630116071
138,138,-487.7941082855365,720.9638067104463
139,139,-488.9146974569828,723.2674260394017
140,140,-478.22322771128455,712.2406834354615
141,141,-432.50090494015615,666.0166150919154
142,142,-389.15081444614054,622.0149535827238
143,143,-388.1357330015265,620.5134582244514
144,144,-382.62215970137385,615.9621124020063
145,145,-352.15994373123647,584.8659011618056
146,146,-349.04394935811285,581.3793110456251
147,147,-326.43955442230157,559.5413799410625
148,148,-322.7955989800714,555.2872419469562
149,149,-299.2160390820643,531.2585177522606
150,150,-288.3944351738579,520.0326659770345
151,151,-267.9549916564721,500.4293993793311
152,152,-270.75949249082487,502.78645944139794
153,153,-243.0835432417424,474.70781349725814
154,154,-239.47518891756815,470.8370321475323
155,155,-220.42767002581135,451.5533289327791
156,156,-242.0849030232302,474.4979960395012
157,157,-244.07641272090717,475.94819643555104
158,158,-222.06877144881648,453.55337679199596
159,159,-190.46189430393483,421.4980391127964
160,160,-184.11570487354135,414.74823520151676
161,161,-183.6041343861872,413.87341168136504
162,162,-201.6437209475685,431.6860705132285
163,163,-178.57934885281165,408.3174634619057
164,164,-191.82141396753048,421.38571711571507
165,165,-238.6392725707774,468.24714540414357
166,166,-248.57534531369964,478.3224308637292
167,167,-293.01781078232966,522.4901877773563
168,168,-323.5160297040967,552.9411689996207
169,169,-316.564426733687,545.9470520996587
170,170,-297.8079840603183,527.0523468896928
171,171,-260.7271856542865,489.7471122007235
172,172,-262.35446708885786,491.17240098065116
173,173,-377.41902037997204,606.155160882586
174,174,-356.5771183419748,585.2396447943274
175,175,-325.61940650777734,554.1156803148947
176,176,-298.15746585699964,526.6041122834052
177,177,-272.74171927129964,501.04370105506473
178,178,-326.16754734416963,555.5393309495582
179,179,-318.15079260975267,547.3853978546024
180,180,-284.4357133487774,513.5468580691422
181,181,-271.3921420138997,500.29217226222795
182,182,-252.05292781250972,480.76295503600517
183,183,-229.34763503125876,457.98665953240464
184,184,-224.2128715281329,452.7879935791642
185,185,-222.8915843753196,451.3091942212478
186,186,-219.30242593778763,447.7782747991231
187,187,-187.37218334400887,415.80044731921083
188,188,-252.03496500960796,480.3204025872897
189,189,-215.13146850864717,443.3883623285608
190,190,-202.81832165778246,431.0495260957047
191,191,-178.7364894920042,406.8445734861342
192,192,-146.36284054280378,374.3601161375208
193,193,-125.52655648852341,353.42410452376873
194,194,-99.57390083967108,327.3816940713919
195,195,-72.01651075570398,299.74352466425273
196,196,-57.41485968013358,285.06917219782747
197,197,-73.07337371212022,300.6622549780447
198,198,-53.566036340908205,281.09602948024025
199,199,-54.30943270681739,281.78642653221624
200,200,-71.67848943613565,299.1077838789946
201,201,-97.81064049252208,325.3970054910952
202,202,-110.12957644326987,337.65730494198567
203,203,-109.31661879894288,336.79157444778707
204,204,-94.98495691904859,322.4124170030084
205,205,-72.98646122714374,300.37117530270757
206,206,-64.88781510442936,292.2340577724368
207,207,-129.19903359398643,356.51065199519314
208,208,-114.07913023458778,341.4595867956739
209,209,-104.57121721112901,331.91362811610645
210,210,-91.61409549001611,318.9222653044958
211,211,-88.15268594101451,315.5300387740462
212,212,-64.63741734691305,291.9770348966416
213,213,-162.67367561222173,389.97933140697745
214,214,-176.80630805099958,404.0813982662797
215,215,-143.42567724589964,370.6732584396517
216,216,-134.08310952130967,361.30593259568656
217,217,-109.57479856917871,336.77533933611795
218,218,-128.01731871226085,355.1978054025061
219,219,-102.81558684103477,329.9780248622555
220,220,-107.3340281569313,334.48022237602993
221,221,-96.40062534123817,323.53220013842696
222,222,-83.96056280711436,311.07898012458423
223,223,-74.56450652640292,301.6710821121258
224,224,-50.30805587376264,277.40397390091323
225,225,-41.677250286386375,268.7635765108219
226,226,-79.20952525774773,306.38721885973973
227,227,-80.28857273197296,307.44849697376577
228,228,-56.75971545877567,283.90364727638917
229,229,-41.983743912898106,269.21328254875027
230,230,-18.6853695216083,245.89195429387524
231,231,-0.016832569447473134,227.20275886448772
232,232,10.584850687497273,216.58248297803894
233,233,20.826365618747545,206.32423468023507
234,234,13.343729056872792,213.89181121221156
235,235,-23.890643848814477,251.1026300909904
236,236,-23.50157946393303,250.79236708189134
237,237,-8.55142151753973,235.8131303737022
238,238,-19.496279365785753,246.83181733633197
239,239,-1.5466514292071807,228.84863560269875
240,240,-29.891986286286457,257.16377204242883
241,241,-16.202787657657815,243.44739483818594
242,242,-10.382508891892035,237.60265535436736
243,243,-8.144258002702832,235.44238981893062
244,244,-67.52983220243254,294.99815083703754
245,245,-53.67684898218929,281.0983357533338
246,246,-129.20916408397034,356.5885021780004
247,247,-121.2882476755733,348.62965196020036
248,248,-166.05942290801596,393.3666867641803
249,249,-224.65348061721437,451.9300180877623
250,250,-188.78813255549292,416.0370162789861
251,251,-158.20931929994364,385.43331465108747
252,252,-241.28838736994925,468.5899831859787
253,253,-243.55954863295435,470.83098486738083
254,254,-205.50359376965892,432.84788638064276
255,255,-268.453234392693,495.7630977425785
256,256,-232.1079109534237,459.3867879683207
257,257,-241.39711985808134,468.6481091714886
258,258,-218.1574078722732,445.3832982543397
259,259,-204.44166708504588,431.64496842890577
260,260,-211.8975003765413,439.08047158601516
261,261,-276.1077503388872,503.2724244274136
262,262,-247.39697530499848,474.54518198467224
263,263,-233.3572777744986,460.490663786205
264,264,-213.12154999704876,440.24159740758455
265,265,-184.8093949973439,411.9174376668261
266,266,-155.0284554976095,382.22569390014354
267,267,-126.52560994784858,353.70312451012916
268,268,-134.57304895306373,361.7328120591162
269,269,-121.01574405775737,348.1595308532046
270,270,-135.31416965198164,362.4435777678841
271,271,-116.48275268678348,343.5992199910957
272,272,-133.43447741810513,360.6392979919861
273,273,-144.99102967629463,372.17536819278746
274,274,-132.69192670866516,359.8578313735087
275,275,-146.02273403779864,373.27204823615784
276,276,-125.02046063401878,352.2448434125421
277,277,-102.4184145706169,329.6203590712879
278,278,-119.97657311355522,347.1583231641591
279,279,-107.77891580219969,334.9424908477432
280,280,-105.90102422197972,333.0482417629689
281,281,-82.61092179978175,309.743417586672
282,282,-89.84982961980357,317.1690758280048
283,283,-64.46484665782323,291.75216824520436
284,284,-46.31836199204091,273.57695142068394
285,285,-22.48652579283683,249.71925627861555
286,286,-6.83787321355315,234.04733065075402
287,287,13.145914107802161,214.04259758567864
288,288,25.031322697021942,202.13833782711077
289,289,41.42819042731975,185.7245040443997
290,290,49.08537138458777,178.05205363995975
291,291,62.17683424612899,164.94684827596376
292,292,48.85915082151609,178.25216344836738
293,293,52.47323573936448,174.62694710353063
294,294,63.42591216542803,163.66425239317758
295,295,67.28332094888523,159.89782715385982
296,296,71.65498885399671,155.50804443847383
297,297,76.78948996859704,150.35723999462647
298,298,86.81054097173734,140.32151599516382
299,299,42.02948687456362,185.18936439564743
300,300,54.02653818710725,173.1704279560827
301,301,39.92388436839653,187.2533851604744
302,302,44.23149593155687,182.92804664442698
303,303,53.708346338401185,173.4352419799843
304,304,60.737511704561065,166.3917177819859
305,305,60.16376053410496,166.95254600378732
306,306,74.14738448069446,152.9572914034086
307,307,80.93264603262502,146.16156226306774
308,308,67.33938142936252,159.74540603676095
309,309,76.30544328642625,150.77086543308485
310,310,85.87489895778361,141.19377888977638
311,311,89.48740906200526,137.57440100079873
312,312,96.83866815580473,130.21696090071885
313,313,98.25480134022425,128.79526481064696
314,314,104.82932120620181,122.21573832958227
315,315,110.54638908558164,116.49416449662404
316,316,118.89175017702347,108.14474804696164
317,317,125.50257515932113,101.53027324226548
318,318,130.352317643389,96.67724591803893
319,319,137.0170858790501,90.00952132623505
320,320,137.21537729114507,89.80856919361155
321,321,141.29383956203057,85.7277122742504
322,322,117.36445560582752,109.65494104682534
323,323,126.02801004524476,100.9894469421428
324,324,134.72520904072027,92.29050224792853
325,325,136.85268813664825,90.16145202313567
326,326,131.46741932298343,95.54530682082209
327,327,137.02067739068508,89.99077613873989
328,328,138.31860965161655,88.6916985248659
329,329,124.9867486864549,102.02252867237931
330,330,130.7880738178094,96.22027580514137
331,331,138.10926643602846,88.89824822462724
332,332,130.19833979242563,96.80842340216451
333,333,130.17850581318305,96.82758106194807
334,334,130.96065523186473,96.04482295575326
335,335,132.36458970867827,94.64034066017794
336,336,136.52813073781044,90.47630659416015
337,337,122.3753176640294,104.72867593474413
338,338,123.03778589762645,104.05580834126972
339,339,115.0340073078638,112.05022750714275
340,340,116.03060657707742,111.04520475642848
341,341,123.92754591936968,103.14068428078563
342,342,123.23479132743272,103.82661585270708
343,343,128.01131219468945,99.04395426743636
344,344,109.91018097522051,117.13955884069273
345,345,111.81916287769846,115.22560295662346
346,346,118.63724658992862,108.50304266096111
347,347,126.67352193093575,100.45273839486501
348,348,122.00616973784217,105.10746455537851
349,349,106.30555276405795,120.79671809984066
350,350,117.27499748765216,109.81704628985659
351,351,118.14749773888694,108.93534166087093
352,352,126.33274796499825,100.74180749478384
353,353,132.9994731684984,94.06762674530546
354,354,138.89952585164858,88.16086407077492
355,355,141.70957326648372,85.34477766369743
356,356,141.73861593983534,85.31029989732768
357,357,144.7647543458518,82.27926990759491
358,358,147.9882789112666,79.05134291683542
359,359,148.88945102013994,78.14620862515189
360,360,155.50050591812595,71.5315877626367
361,361,158.75045532631339,68.27842898637304
362,362,163.57540979368204,63.45058608773574
363,363,163.41786881431383,63.60552747896217
364,364,168.17608193288245,58.84497473106596
365,365,172.0584737395942,54.96047725795937
366,366,175.45262636563479,51.56442953216344
367,367,172.1073637290713,54.907986578947096
368,368,169.59662735616416,57.41718792105239
369,369,171.33696462054775,55.67546912894715
370,370,169.90326815849298,57.10792221605244
371,371,170.41294134264368,56.59712999444719
372,372,169.4716472083793,57.537416995002474
373,373,173.02448248754138,53.98367529550222
374,374,164.22203423878724,62.785307765952
375,375,167.69983081490852,59.3067769893568
376,376,171.8298477334177,55.176099290421114
377,377,175.14686296007594,51.858489361379
378,378,173.73217666406833,53.2726404252411
379,379,174.4589589976615,52.545376382716995
380,380,172.71306309789534,54.290838744445296
381,381,173.9417567881058,53.06175487000077
382,382,161.64758110929523,65.35557938300069
383,383,162.6828229983657,64.32002144470061
384,384,167.71454069852913,59.28801930023055
385,385,171.84308662867622,55.15921737020749
386,386,175.2587779658086,51.74329563318675
387,387,177.83290016922774,49.16896606986808
388,388,173.64961015230497,53.352069462881275
389,389,173.08464913707445,53.91686251659315
390,390,169.476184223367,57.52517626493383
391,391,171.0285658010303,55.97265863844045
392,392,174.32570922092728,52.6753927745964
393,393,172.89313829883454,54.10785349713676
394,394,176.5038244689511,50.49706814742308
395,395,177.85344202205602,49.147361332680774
396,396,179.9680978198504,47.03262519941269
397,397,177.67128803786537,49.32936267947142
398,398,180.20415923407882,46.79642641152428
399,399,180.18374331067093,46.816783770371856
400,400,183.36536897960383,43.63510539333467
401,401,185.72883208164345,41.2715948540012
402,402,187.5559488734791,39.44443536860108
403,403,185.0003539861312,41.99999183174097
404,404,181.70031858751807,45.29999264856688
405,405,180.43028672876628,46.56999338371019
406,406,175.68725805588963,51.312994045339174
407,407,176.31853225030065,50.681694640805254
408,408,177.98667902527058,49.01352517672473
409,409,180.2880111227435,46.71217265905226
410,410,181.85921001046916,45.14095539314703
411,411,177.77328900942223,49.22685985383232
412,412,179.59596010848,47.40417386844909
413,413,181.83636409763199,45.16375648160418
414,414,183.1527276878688,43.847380833443765
415,415,186.0374549190819,40.96264275009939
416,416,186.33370942717372,40.66637847508945
417,417,187.50033848445634,39.49974062758051
418,418,188.6503046360107,38.34976656482245
419,419,190.88527417240962,36.11478990834021
420,420,192.89674675516866,34.103310917506185
421,421,194.0070720796518,32.99297982575557
422,422,195.10636487168662,31.893681843180012
423,423,194.29572838451796,32.70431365886201
424,424,195.76615554606616,31.233882292975814
425,425,196.38953999145954,30.61049406367823
426,426,197.8505859923136,29.14944465731041
427,427,197.56552739308225,29.43450019157937
428,428,192.80897465377402,34.191050172421434
429,429,188.12807718839662,38.87194515517929
430,430,186.31526946955697,40.68475063966136
431,431,186.78374252260127,40.21627557569523
432,432,188.70536827034115,38.294648018125706
433,433,189.03483144330704,37.965183216313136
434,434,190.13134829897635,36.86866489468183
435,435,191.01821346907872,35.981798405213645
436,436,188.81639212217087,38.18361856469228
437,437,191.13475290995376,35.86525670822306
438,438,191.02127761895838,35.97873103740075
439,439,192.21914985706252,34.78085793366068
440,440,189.8972348713563,37.10277214029461
441,441,190.50751138422066,36.49249492626515
442,442,191.3567602457986,35.64324543363863
443,443,190.62108422121875,36.37892089027477
444,444,191.85897579909687,35.141028801247295
445,445,192.57307821918718,34.42692592112257
446,446,192.91577039726846,34.08423332901031
447,447,193.42419335754164,33.57580999610928
448,448,194.18177402178748,32.81822899649835
449,449,194.46359661960872,32.53640609684851
450,450,196.41723695764787,30.58276548716366
451,451,195.97551326188307,31.024488938447295
452,452,196.67796193569478,30.322040044602563
453,453,197.1101657421253,29.889836040142306
454,454,197.99914916791278,29.000852436128078
455,455,196.3992342511215,30.60076719251527
456,456,193.75931082600934,33.24069047326374
457,457,194.0833797434084,32.916621425937365
458,458,195.27504176906754,31.72495928334363
459,459,193.2475375921608,33.75246335500927
460,460,193.72278383294474,33.27721701950834
461,461,195.7505054496503,31.24949531755751
462,462,197.17545490468527,29.82454578580176
463,463,196.55790941421674,30.442091207221583
464,464,197.3021184727951,29.697882086499426
465,465,198.9719066255156,28.028093877849486
466,466,199.17471596296403,27.82528449006454
467,467,199.75724436666763,27.242756041058087
468,468,200.1815199300009,26.818480436952278
469,469,201.5633679370008,25.436632393257053
470,470,201.10703114330073,25.892969153931347
471,471,201.09632802897065,25.903672238538213
472,472,201.68669522607357,25.313305014684392
473,473,200.6180257034662,26.38197451321595
474,474,201.15622313311957,25.843777061894357
475,475,201.3406008198076,25.65939935570492
476,476,202.40654073782684,24.59345942013443
477,477,200.96588666404415,26.034113478120986
478,478,201.36929799763973,25.630702130308887
479,479,202.13236819787576,24.867631917278
480,480,201.9191313780882,25.0808687255502
481,481,201.82721824027936,25.17278185299518
482,482,200.64449641625143,26.35550366769566
483,483,199.78004677462627,27.219953300926097
484,484,200.40204209716364,26.597957970833484
485,485,200.26183788744729,26.738162173750137
486,486,199.93565409870254,27.064345956375124
487,487,200.44208868883229,26.557911360737613
488,488,199.79787981994906,27.202120224663854
489,489,200.41809183795417,26.581908202197468
490,490,201.47628265415875,25.52371738197772
491,491,200.72865438874288,26.27134564377995
492,492,199.35578894986858,27.644211079401956
493,493,200.32021005488173,26.679789971461762
494,494,200.78818904939357,26.211810974315586
495,495,201.60937014445423,25.390629876884027
496,496,202.6484331300088,24.351566889195624
497,497,203.58358981700792,23.41641020027606
498,498,203.62523083530715,23.374769180248457
499,499,202.76270775177645,24.23729226222361
500,500,201.88643697659882,25.113563036001253
501,501,202.29779327893894,24.70220673240113
502,502,202.06801395104506,24.931986059161016
503,503,202.36121255594057,24.638787453244912
504,504,203.52509130034653,23.474908707920424
505,505,204.77258217031186,22.227417837128378
506,506,205.29532395328067,21.70467605341554
507,507,206.16579155795262,20.834208448073987
508,508,206.34921240215738,20.650787603266586
509,509,204.61429116194165,22.385708842939927
510,510,200.6528620457475,26.347137958645934
511,511,200.98757584117277,26.012424162781343
512,512,198.2888182570555,28.711181746503208
513,513,197.35993643134998,29.640063571852885
514,514,197.42394278821496,29.576057214667596
515,515,197.88154850939347,29.118451493200837
516,516,193.1933936584541,33.80660634388075
517,517,193.9740542926087,33.025945709492674
518,518,188.77664886334784,38.22335113854341
519,519,190.29898397701308,36.70101602468907
520,520,191.26908557931176,35.73091442222017
521,521,191.2421770213806,35.75782297999815
522,522,192.71795931924254,34.28204068199834
523,523,192.64616338731827,34.35383661379851
524,524,189.78154704858645,37.21845295241866
525,525,189.9033923437278,37.0966076571768
526,526,192.31305310935502,34.686946891459115
527,527,193.8817477984195,33.11825220231321
528,528,194.79357301857755,32.20642698208189
529,529,195.01421571671978,31.9857842838737
530,530,194.8127941450478,32.18720585548633
531,531,195.53151473054302,31.468485269937702
532,532,193.87836325748873,33.121636742943934
533,533,195.89052693173986,31.109473068649542
534,534,196.90147423856587,30.098525761784586
535,535,198.1113268147093,28.88867318560613
536,536,199.40019413323836,27.599805867045518
537,537,199.26017471991452,27.739825280340966
538,538,200.73415724792306,26.26584275230687
539,539,201.56074152313076,25.439258477076184
540,540,201.9046673708177,25.095332629368563
541,541,203.0142006337359,23.985799366431706
542,542,203.1127805703623,23.887219429788537
543,543,203.60150251332607,23.39849748680968
544,544,203.84135226199345,23.158647738128714
545,545,203.7572170357941,23.242782964315843
546,546,204.08149533221467,22.91850466788426
547,547,204.3733457989932,22.626654201095835
548,548,205.13601121909386,21.86398878098625
549,549,204.92241009718447,22.077589902887624
550,550,204.73016908746604,22.26983091259886
551,551,202.55715217871943,24.442847821338972
552,552,196.4014369608475,30.598563039205075
553,553,197.06129326476275,29.938706735284565
554,554,198.9551639382865,28.044836061756108
555,555,200.15964754445784,26.8403524555805
556,556,200.24368279001206,26.756317210022452
557,557,199.41931451101084,27.580685489020208
558,558,200.77738305990974,26.222616940118186
559,559,202.29964475391876,24.70035524610637
560,560,200.96968027852688,26.03031972149573
561,561,202.5727122506742,24.427287749346156
562,562,203.01544102560675,23.98455897441154
563,563,203.21389692304606,23.786103076970388
564,564,197.79250723074148,29.207492769273347
565,565,198.71325650766732,28.286743492346012
566,566,197.9419308569006,29.05806914311141
567,567,198.34773777121052,28.65226222880027
568,568,197.31296399408944,29.687036005920245
569,569,198.7816675946805,28.21833240532822
570,570,198.80350083521245,28.196499164795398
571,571,199.0231507516912,27.976849248315858
572,572,199.62083567652206,27.37916432348427
573,573,197.95875210886987,29.041247891135843
574,574,196.7628768979829,30.237123102022256
575,575,196.3865892081846,30.61341079182003
576,576,196.84793028736615,30.152069712638024
577,577,198.06313725862955,28.936862741374224
578,578,198.5568235327666,28.4431764672368
579,579,198.80114117948995,28.198858820513117
580,580,199.12102706154096,27.878972938461807
581,581,200.50892435538685,26.491075644615627
582,582,198.75803191984818,28.241968080154063
583,583,199.58222872786337,27.41777127213866
584,584,198.02400585507704,28.97599414492479
585,585,198.4216052695693,28.57839473043231
586,586,198.9794447426124,28.02055525738908
587,587,196.88150026835115,30.11849973165017
588,588,198.39335024151603,28.606649758485155
589,589,197.55401521736442,29.44598478263664
590,590,199.29861369562798,27.701386304372974
591,591,199.06875232606518,27.931247673935676
592,592,199.56187709345866,27.43812290654211
593,593,200.90568938411278,26.094310615887895
594,594,200.6151204457015,26.384879554299104
595,595,200.45360840113136,26.546391598869196
596,596,201.10824756101823,25.891752438982277
597,597,201.59742280491642,25.40257719508405
598,598,201.63768052442478,25.362319475575646
599,599,202.6739124719823,24.326087528018082
600,600,203.50652122478408,23.493478775216275
601,601,204.75586910230567,22.244130897694646
602,602,201.7802821920751,25.219717807925182
603,603,202.8022539728676,24.197746027132663
604,604,203.32202857558082,23.677971424419397
605,605,204.38982571802273,22.610174281977457
606,606,203.55084314622047,23.44915685377971
607,607,204.19575883159843,22.804241168401738
608,608,201.87618294843858,25.123817051561563
609,609,202.78856465359473,24.21143534640541
610,610,202.30970818823528,24.69029181176487
611,611,203.57873736941175,23.42126263058838
612,612,204.22086363247058,22.779136367529542
613,613,203.89877726922353,23.10122273077659
614,614,204.00889954230118,22.99110045769893
615,615,202.00800958807108,24.991990411929038
616,616,200.707208629264,26.292791370736133
617,617,201.0364877663376,25.96351223366252
618,618,200.63283898970383,26.367161010296268
619,619,201.26955509073343,25.73044490926664
620,620,202.5425995816601,24.45740041833998
621,621,201.0883396234941,25.91166037650598
622,622,202.5795056611447,24.420494338855384
623,623,203.42155509503024,23.57844490496985
624,624,203.07939958552723,23.920600414472865
625,625,204.17145962697452,22.82854037302558
626,626,204.45431366427707,22.545686335723023
627,627,204.30888229784938,22.69111770215072
628,628,204.67799406806444,22.322005931935646
629,629,205.41019466125798,21.58980533874208
630,630,205.6691751951322,21.330824804867873
631,631,203.90225767561896,23.097742324381084
632,632,203.81203190805707,23.187968091942974
633,633,202.93082871725136,24.069171282748677
634,634,202.93774584552625,24.16225415447381
635,635,203.14397126097364,24.04602873902643
636,636,202.1295741348763,25.041425865123784
637,637,202.41661672138866,24.737283278611407
638,638,201.0749550492498,26.063554950750266
639,639,201.26745954432482,25.85719945567524
640,640,200.44071358989237,26.671479510107716
641,641,200.89664223090313,26.204331559096943
642,642,199.20697800781284,27.883898403187246
643,643,199.88628020703155,27.29550856286852
644,644,200.6976521863284,26.465957706581666
645,645,200.22788696769558,26.919361935923497
646,646,200.70509827092602,26.42742574233115
647,647,200.23458844383342,26.884683168098032
648,648,199.6111295994501,27.49621485128823
649,649,200.25001663950508,26.846593366159404
650,650,200.32501497555458,26.76193402954346
651,651,201.69251347799914,25.385740626589115
652,652,202.52326213019924,24.547166563930205
653,653,201.4709359171793,25.592449907537183
654,654,200.1238423254614,26.933204916783463
655,655,199.41145809291527,27.639884425105116
656,656,199.17031228362373,27.875895982594606
657,657,199.55328105526138,27.488306384335147
658,658,199.99795294973526,27.039475745901633
659,659,200.99815765476174,26.03552817131147
660,660,202.49834188928557,24.531975354180325
661,661,202.14850770035702,24.878777818762295
662,662,203.1336569303213,23.890900036886066
663,663,202.82029123728918,24.20181003319746
664,664,203.13826211356027,23.881629029877715
665,665,203.82443590220424,23.193466126889945
666,666,204.84199231198383,22.174119514200953
667,667,203.85779308078546,23.15670756278086
668,668,202.6720137727069,24.341036806502775
669,669,202.6048123954362,24.406933125852497
670,670,201.44433115589257,25.566239813267245
671,671,201.2998980403033,25.70961583194052
672,672,201.569908236273,25.43865424874647
673,673,202.0129174126457,24.994788823871822
674,674,201.21162567138114,25.795309941484643
675,675,199.09046310424304,27.91577894733618
676,676,197.18141679381876,29.82420105260256
677,677,198.4632751144369,28.541780947342303
678,678,196.2169476029932,30.78760285260807
679,679,197.39525284269388,29.608842567347263
680,680,197.8557275584245,29.147958310612538
681,681,196.47015480258204,30.533162479551287
682,682,198.42313932232383,28.579846231596157
683,683,197.88082539009145,29.12186160843654
684,684,198.2927428510823,28.709675447592886
685,685,199.56346856597406,27.4387079028336
686,686,200.10712170937666,26.89483711255024
687,687,199.496409538439,27.505353401295217
688,688,199.7467685845951,27.254818061165697
689,689,201.37209172613558,25.629336255049125
690,690,202.23488255352203,24.766402629544213
691,691,202.51139429816982,24.48976236658979
692,692,203.66025486835284,23.340786129930812
693,693,204.39422938151756,22.606707516937732
694,694,202.5548064433658,24.446036765243957
695,695,203.79932579902922,23.20143308871956
696,696,203.5193932191263,23.481289779847607
697,697,203.06745389721368,23.933160801862847
698,698,203.56070850749234,23.43984472167656
699,699,204.8046376567431,22.195860249508904
700,700,204.7241738910688,22.276274224558016
701,701,205.15175650196193,21.848646802102216
702,702,206.13658085176573,20.863782121891994
703,703,205.52292276658915,21.477403909702794
704,704,204.97063048993024,22.029663518732516
705,705,205.87356744093722,21.126697166859266
706,706,206.18621069684352,20.81402745017334
707,707,207.16758962715917,19.832624705156007
708,708,208.05083066444325,18.949362234640404
709,709,207.14574759799893,19.854426011176365
710,710,208.23117283819903,18.768983410058727
711,711,208.60805555437912,18.392085069052854
712,712,208.4472499989412,18.55287656214757
713,713,207.9025249990471,19.097588905932813
714,714,208.5122724991424,18.487830015339533
715,715,207.26104524922815,19.73904701380558
716,716,208.3349407243053,18.66514231242502
717,717,209.00144665187477,17.998628081182517
718,718,206.90130198668732,20.098765273064263
719,719,205.0111717880186,21.988888745757837
720,720,205.71005460921674,21.289999871182054
721,721,205.63904914829507,21.46099988406385
722,722,206.37514423346556,20.714899895657464
723,723,207.23762981011902,19.84340990609172
724,724,208.01386682910712,19.059068915482545
725,725,208.7124801461964,18.35316202393429
726,726,209.3412321315768,17.71784582154086
727,727,209.9071089184191,17.146061239386775
728,728,210.0163980265772,17.031455115448097
729,729,210.5147582239195,16.52830960390329
730,730,210.96328240152755,16.07547864351296
731,731,209.9669541613748,17.067930779161664
732,732,209.7702587452373,17.2611377012455
733,733,206.39323287071358,20.635023931120948
734,734,202.55390958364222,24.47152153800885
735,735,203.598518625278,23.424369384207964
736,736,204.6386667627502,22.381932445787168
737,737,205.47480008647517,21.54373920120845
738,738,206.12732007782765,20.889365281087606
739,739,207.21458807004487,19.800428752978846
740,740,204.09312926304037,22.92038587768096
741,741,205.4838163367363,21.528347289912862
742,742,206.5354347030627,20.475512560921572
743,743,207.1818912327564,19.827961304829415
744,744,207.76370210948076,19.24516517434647
745,745,192.9873318985327,34.02064865691182
746,746,194.68859870867942,32.31858379122064
747,747,197.01973883781147,29.986725412098576
748,748,197.11776495403035,29.888052870888718
749,749,198.30598845862733,28.699247583799846
750,750,199.3753896127646,27.629322825419862
751,751,200.63785065148812,26.366390542877877
752,752,201.37406558633933,25.629751488590088
753,753,201.8366590277054,25.16677633973108
754,754,203.05299312493486,23.950098705757974
755,755,204.44769381244137,22.555088835182175
756,756,204.00292443119724,22.999579951663957
757,757,198.40263198807753,28.59962195649756
758,758,198.8623687892698,28.139659760847803
759,759,199.97613191034281,27.02569378476302
760,760,201.07851871930853,25.923124406286718
761,761,201.57066684737768,25.430811965658044
762,762,202.7136001626399,24.28773076909224
763,763,202.5422401463759,24.458957692183013
764,764,203.3880161317383,23.61306192296471
765,765,203.4492145185645,23.55175573066824
766,766,204.20429306670806,22.79658015760142
767,767,205.08386376003725,21.916922141841276
768,768,204.97547738403352,22.02522992765715
769,769,205.3779296456302,21.622706934891436
770,770,206.54013668106717,20.46043624140229
771,771,207.28612301296047,19.714392617262064
772,772,207.55751071166443,19.442953355535856
773,773,208.201759640498,18.798658019982273
774,774,207.3815836764482,19.618792217984044
775,775,207.4434253088034,19.556912996185638
776,776,207.89908277792304,19.101221696567073
777,777,208.10917450013073,18.891099526910367
778,778,208.59825705011764,18.40198957421933
779,779,208.73843134510588,18.261790616797395
780,780,208.96458821059528,18.035611555117654
781,781,208.46812938953576,18.53205039960589
782,782,208.72131645058218,18.278845359645302
783,783,208.34918480552398,18.650960823680773
784,784,208.31426632497158,18.685864741312695
785,785,208.78283969247443,18.217278267181424
786,786,208.404555723227,18.59555044046328
787,787,207.9641001509043,19.035995396416954
788,788,207.76769013581387,19.232395856775256
789,789,208.29092112223248,18.70915627109773
790,790,207.26182901000925,19.738240643987954
791,791,206.73564610900831,20.26441657958916
792,792,206.3620814981075,20.637974921630242
793,793,205.22587334829674,21.77417742946722
794,794,205.40328601346707,21.596759686520496
795,795,206.56295741212034,20.437083717868447
796,796,204.1066616709083,22.8933753460816
797,797,205.49599550381745,21.50403781147344
798,798,205.34639595343572,21.6536340303261
799,799,206.01175635809213,20.98827062729349
800,800,206.61058072228292,20.38944356456414
801,801,207.24952265005462,19.750499208107726
802,802,207.62457038504914,19.375449287296952
803,803,208.4621133465442,18.53790435856726
804,804,208.6159020118898,18.384113922710533
805,805,209.0543118107008,17.94570253043948
806,806,208.8488806296307,18.151132277395533
807,807,209.76399256666764,17.23601904965598
808,808,206.88759331000088,20.11241714469038
809,809,207.39883397900078,19.601175430221343
810,810,207.7589505811007,19.24105788719921
811,811,207.18305552299063,19.81695209847929
812,812,208.26474997069155,18.735256888631362
813,813,208.9382749736224,18.061731199768225
814,814,208.5444474762602,18.455558079791402
815,815,209.29000272863416,17.710002271812264
816,816,209.86100245577074,17.139002044631038
817,817,206.1749022101937,20.82510184016793
818,818,207.05741198917434,19.942591656151137
819,819,206.4516707902569,20.548332490536026
820,820,207.20650371123122,19.793499241482426
821,821,207.28585334010808,19.714149317334183
822,822,207.25726800609726,19.742734385600766
823,823,207.13154120548754,19.86846094704069
824,824,206.9183870849388,20.08161485233662
825,825,205.5265483764449,21.47345336710296
826,826,206.2738935388004,20.726108030392663
827,827,206.64650418492036,20.353497227353397
828,828,207.48185376642832,19.518147504618057
829,829,206.7336683897855,20.366332754156254
830,830,205.76030155080693,21.32969947874063
831,831,205.68427139572623,21.396729530866565
832,832,205.61584425615362,21.45705657777991
833,833,206.25425983053825,20.811350920001917
834,834,207.22883384748442,19.830215828001727
835,835,207.105950462736,19.94719424520155
836,836,206.9953554164624,20.052474820681397
837,837,206.89581987481614,20.147227338613256
838,838,208.00623788733452,19.032504604751928
839,839,208.80561409860107,18.229254144276737
840,840,209.12505268874096,17.906328729849065
841,841,210.01254741986685,17.01569585686416
842,842,209.61129267788016,17.414126271177743
843,843,210.15016341009215,16.87271364405997
844,844,208.63514706908293,18.385442279653972
845,845,209.27163236217464,17.746898051688575
846,846,209.94446912595717,17.07220824651972
847,847,210.65002221336144,16.364987421867745
848,848,210.0850199920253,16.92848867968097
849,849,210.17651799282277,16.835639811712873
850,850,210.85886619354048,16.152075830541584
851,851,211.27297957418642,15.736868247487426
852,852,211.94568161676776,15.063181422738683
853,853,212.35111345509097,14.656863280464815
854,854,212.91600210958185,14.091176952418335
855,855,213.12440189862366,13.8820592571765
856,856,213.11196170876127,13.893853331458851
857,857,212.40076553788515,14.604467998312966
858,858,212.76068898409665,14.24402119848167
859,859,213.184620085687,13.819619078633503
860,860,213.46615807711828,13.537657170770153
861,861,203.31954226940644,23.783891453693137
862,862,202.7875880424658,24.305502308323824
863,863,203.50882923821925,23.574952077491442
864,864,203.8579463143973,23.2174568697423
865,865,204.77215168295757,22.29571118276807
866,866,205.49493651466182,21.566140064491265
867,867,206.74544286319562,20.309526058042138
868,868,207.67089857687606,19.378573452237923
869,869,200.80380871918845,26.24071610701413
870,870,201.8234278472696,25.216644496312718
871,871,202.74108506254265,24.294980046681445
872,872,204.06697655628838,22.9654820420133
873,873,204.16027890065953,22.86893383781197
874,874,205.44425101059358,21.58204045403077
875,875,206.39982590953423,20.623836408627692
876,876,207.0598433185808,19.96145276776492
877,877,207.5538589867227,19.46530749098843
878,878,207.89847308805042,19.11877674188959
879,879,192.1086257792454,35.106899067700624
880,880,194.19776320132084,32.99620916093056
881,881,195.87798688118875,31.29658824483751
882,882,198.09018819306985,29.066929420353755
883,883,199.28116937376288,27.960236478318382
884,884,198.0530524363866,29.264212830486542
885,885,199.84774719274793,27.43779154743789
886,886,200.46297247347314,26.7940123926941
887,887,202.01667522612584,25.21461115342469
888,888,201.51500770351325,25.693150038082223
889,889,202.86350693316191,24.323835034274
890,890,203.7771562398457,23.391451530846602
891,891,203.39944061586115,23.752306377761943
892,892,204.25949655427502,22.87707573998575
893,893,205.6335468988475,21.489368165987173
894,894,204.87019220896275,22.240431349388455
895,895,204.98317298806649,22.116388214449607
896,896,206.08485568925983,21.004749393004644
897,897,204.87637012033386,22.304274453704178
898,898,204.98873310830047,22.17384700833376
899,899,205.6898597974704,21.456462307500384
900,900,204.42087381772336,22.710816076750344
901,901,202.47878643595104,24.63973446907531
902,902,203.23090779235594,23.87576102216778
903,903,204.20781701312032,22.888184919951
904,904,205.08703531180828,21.999366427955902
905,905,206.17833178062745,20.899429785160315
906,906,206.0604986025647,21.009486806644283
907,907,204.85444874230825,22.208538125979857
908,908,204.86900386807744,22.187684313381872
909,909,205.8821034812697,21.168915882043684
910,910,206.09389313314273,20.952024293839315
911,911,206.78450381982844,20.256821864455382
912,912,207.4060534378456,19.631139678009845
913,913,206.16544809406105,20.86802571020886
914,914,206.84890328465494,20.181223139187974
915,915,207.86401295618944,19.163100825269176
916,916,206.2776116605705,20.74679074274226
917,917,206.74985049451345,20.272111668468035
918,918,206.4748654450621,20.544900501621232
919,919,207.22737890055592,19.79041045145911
920,920,207.70464101050032,19.3113694063132
921,921,206.3341769094503,20.680232465681883
922,922,206.00075921850527,21.012209219113693
923,923,206.70068329665472,20.31098829720232
924,924,207.13061496698924,19.879889467482087
925,925,203.01755347029032,23.99190052073388
926,926,204.01579812326128,22.99271046866049
927,927,205.01421831093515,21.99343942179444
928,928,206.01279647984163,20.994095479614998
929,929,205.91151683185745,21.094685931653498
930,930,206.82036514867173,20.185217338488147
931,931,207.93832863380453,19.06669560463933
932,932,208.24449577042407,18.760026044175397
933,933,208.92004619338167,18.084023439757857
934,934,209.4280415740435,17.575621095782072
935,935,209.08523741663916,17.918058986203867
936,936,207.87671367497524,19.126253087583482
937,937,207.2890423074777,19.713627778825135
938,938,206.86013807672992,20.142265000942622
939,939,207.67412426905693,19.32803850084836
940,940,208.40671184215125,18.595234650763526
941,941,209.16604065793612,17.835711185687174
942,942,210.04943659214248,16.952140067118457
943,943,210.64449293292824,16.35692606040661
944,944,210.68004363963541,16.321233454365952
945,945,209.81203927567188,17.189110108929356
946,946,210.4308353481047,16.57019909803642
947,947,210.1877518132942,16.813179188232777
948,948,210.5689766319648,16.4318612694095
949,949,210.51207896876832,16.488675142468548
950,950,210.16087107189148,16.839807628221692
951,951,209.9447839647023,17.055826865399524
952,952,209.8503055682321,17.150244178859573
953,953,210.5652750114089,16.435219760973617
954,954,209.808747510268,17.191697784876254
955,955,209.9278727592412,17.07252800638863
956,956,209.5350854833171,17.46527520574977
957,957,209.78157693498537,17.21874768517479
958,958,209.90341924148683,17.09687291665731
959,959,208.91307731733815,18.08718562499158
960,960,208.82176958560433,18.17846706249242
961,961,209.3395926270439,17.66062035624318
962,962,208.60563336433952,18.39455832061886
963,963,208.84507002790556,18.15510248855697
964,964,208.56056302511502,18.439592239701277
965,965,209.40450672260351,17.59563301573115
966,966,208.76405605034319,18.236069714158035
967,967,208.58765044530887,18.412462742742232
968,968,208.92888540077797,18.07121646846801
969,969,209.83599686070016,17.16409482162121
970,970,209.05239717463013,17.94768533945909
971,971,208.8471574571671,18.15291680551318
972,972,209.3624417114504,17.63762512496186
973,973,209.92619754030537,17.073862612465675
974,974,210.23357778627482,16.766476351219108
975,975,209.91022000764733,17.0898287160972
976,976,210.11919800688258,16.880845844487478
977,977,210.20727820619433,16.79276126003873
978,978,210.88655038557488,16.113485134034857
979,979,211.1978953470174,15.802136620631373
980,980,211.67810581231566,15.321922958568235
981,981,211.91029523108412,15.08973066271141
982,982,211.31926570797572,15.68075759644027
983,983,211.18733913717816,15.812681836796243
984,984,211.36860522346032,15.631413653116619
985,985,212.03174470111426,14.968272287804957
986,986,212.22857023100283,14.771445059024462
987,987,212.60571320790254,14.394300553122015
988,988,212.74514188711228,14.254870497809815
989,989,212.47062769840105,14.529383448028833
990,990,212.52356492856092,14.47644510322595
991,991,213.07120843570482,13.928800592903356
992,992,213.0640875921343,13.93592053361302
993,993,210.85767883292087,16.142328480251717
994,994,211.1719109496288,15.828095632226546
995,995,210.75471985466592,16.245286069003892
996,996,211.27924786919934,15.720757462103503
997,997,211.4513230822794,15.548681715893153
998,998,210.10619077405147,16.89381354430384
999,999,210.7955716966463,16.204432189873454
